"ApptContID","EntityContactID","apptID"
"551","92026","2359"
"552","92437","2359"
"553","92026","2360"
"554","92437","2360"
"555","92437","2361"
"556","92437","2362"
"557","92026","2364"
"558","92448","2364"
"559","92437","2365"
"578","92026","2366"
"579","92026","2412"
"580","92437","2412"
"581","92440","2412"
"582","92448","2412"
"583","92449","2412"
"584","92197","2413"
"585","92026","2414"
"586","92437","2414"
"587","92448","2414"
"588","92449","2414"
"589","92026","2416"
"590","92437","2416"
"591","92448","2416"
"592","92449","2416"
"594","92026","2421"
"595","92437","2421"
"596","92026","2423"
"597","92437","2423"
"598","92437","2425"
"599","92437","2426"
"600","92026","2427"
"601","92437","2427"
"602","92437","2429"
"603","92437","2430"
"604","92473","2420"
"606","92005","2435"
"607","92026","2436"
"608","92437","2436"
"609","92026","2437"
"610","92437","2437"
"611","92437","2438"
"612","92437","2439"
"613","92437","2441"
"614","92026","2443"
"615","92026","2444"
"616","92448","2444"
"617","92026","2445"
"618","92437","2445"
"619","92448","2445"
"620","92449","2445"
"621","92026","2446"
"622","92448","2446"
"623","92026","2447"
"624","92449","2447"
"625","92026","2448"
"626","92448","2448"
"627","92026","2449"
"628","92449","2449"
"631","92026","2468"
"632","92448","2468"
"633","92026","2469"
"634","92437","2469"
"635","92448","2469"
"636","92449","2469"
"637","92437","2470"
"638","92437","2471"
"639","92026","2472"
"640","92437","2472"
"641","92437","2473"
"642","92437","2474"
"643","92437","2475"
"644","92026","2477"
"645","92437","2477"
"646","92448","2477"
"647","92449","2477"
"648","92026","2478"
"649","92437","2478"
"650","92448","2478"
"651","92449","2478"
"652","92026","2479"
"653","92437","2479"
"654","92448","2479"
"655","92449","2479"
"656","92026","2480"
"657","92437","2480"
"658","92448","2480"
"659","92449","2480"
"660","92437","2482"
"661","92026","2483"
"662","92437","2483"
"666","95428","2485"
"668","92643","2489"
"670","92643","2490"
"674","93735","2499"
"681","97180","2501"
"688","94731","2520"
"696","94574","2529"
"697","97554","2530"
"698","94731","2531"
"699","92612","2532"
"700","93467","2519"
