"CalAccessID","UserID","UserCalID"
"2204","1","380"
"2205","393","380"
"2206","394","380"
"2207","378","380"
"2208","385","380"
"2209","369","380"
"2210","370","380"
"2211","391","380"
"2212","388","380"
"2213","373","380"
"2214","382","380"
"2215","372","380"
"2216","390","380"
"2217","379","380"
"2218","384","380"
"2219","387","380"
"2220","386","380"
"2221","389","380"
"2222","376","380"
"2223","392","380"
"2284","1","379"
"2285","393","379"
"2286","394","379"
"2287","378","379"
"2288","385","379"
"2289","369","379"
"2290","370","379"
"2291","391","379"
"2292","388","379"
"2293","380","379"
"2294","373","379"
"2295","382","379"
"2296","372","379"
"2297","390","379"
"2298","384","379"
"2299","387","379"
"2300","386","379"
"2301","389","379"
"2302","376","379"
"2303","392","379"
"2424","1","394"
"2425","393","394"
"2426","378","394"
"2427","385","394"
"2428","369","394"
"2429","370","394"
"2430","391","394"
"2431","388","394"
"2432","380","394"
"2433","373","394"
"2434","382","394"
"2435","372","394"
"2436","390","394"
"2437","379","394"
"2438","384","394"
"2439","387","394"
"2440","386","394"
"2441","389","394"
"2442","376","394"
"2443","392","394"
"2584","1","373"
"2585","393","373"
"2586","394","373"
"2587","378","373"
"2588","385","373"
"2589","369","373"
"2590","370","373"
"2591","391","373"
"2592","388","373"
"2593","380","373"
"2594","382","373"
"2595","372","373"
"2596","390","373"
"2597","379","373"
"2598","384","373"
"2599","387","373"
"2600","386","373"
"2601","389","373"
"2602","376","373"
"2603","392","373"
"2624","1","385"
"2625","393","385"
"2626","394","385"
"2627","378","385"
"2628","369","385"
"2629","370","385"
"2630","391","385"
"2631","388","385"
"2632","380","385"
"2633","373","385"
"2634","382","385"
"2635","372","385"
"2636","390","385"
"2637","379","385"
"2638","384","385"
"2639","387","385"
"2640","386","385"
"2641","389","385"
"2642","376","385"
"2643","392","385"
"2644","1","378"
"2645","393","378"
"2646","394","378"
"2647","385","378"
"2648","369","378"
"2649","370","378"
"2650","391","378"
"2651","388","378"
"2652","380","378"
"2653","373","378"
"2654","382","378"
"2655","372","378"
"2656","390","378"
"2657","379","378"
"2658","384","378"
"2659","387","378"
"2660","386","378"
"2661","389","378"
"2662","376","378"
"2663","392","378"
"2664","1","369"
"2665","393","369"
"2666","394","369"
"2667","378","369"
"2668","385","369"
"2669","370","369"
"2670","391","369"
"2671","388","369"
"2672","380","369"
"2673","373","369"
"2674","382","369"
"2675","372","369"
"2676","390","369"
"2677","379","369"
"2678","384","369"
"2679","387","369"
"2680","386","369"
"2681","389","369"
"2682","376","369"
"2683","392","369"
"2684","1","370"
"2685","393","370"
"2686","394","370"
"2687","378","370"
"2688","385","370"
"2689","369","370"
"2690","391","370"
"2691","388","370"
"2692","380","370"
"2693","373","370"
"2694","382","370"
"2695","372","370"
"2696","390","370"
"2697","379","370"
"2698","384","370"
"2699","387","370"
"2700","386","370"
"2701","389","370"
"2702","376","370"
"2703","392","370"
"2724","1","391"
"2725","393","391"
"2726","394","391"
"2727","378","391"
"2728","385","391"
"2729","369","391"
"2730","370","391"
"2731","388","391"
"2732","380","391"
"2733","373","391"
"2734","382","391"
"2735","372","391"
"2736","390","391"
"2737","379","391"
"2738","384","391"
"2739","387","391"
"2740","386","391"
"2741","389","391"
"2742","376","391"
"2743","392","391"
"2744","1","388"
"2745","393","388"
"2746","394","388"
"2747","378","388"
"2748","385","388"
"2749","369","388"
"2750","370","388"
"2751","391","388"
"2752","380","388"
"2753","373","388"
"2754","382","388"
"2755","372","388"
"2756","390","388"
"2757","379","388"
"2758","384","388"
"2759","387","388"
"2760","386","388"
"2761","389","388"
"2762","376","388"
"2763","392","388"
"2824","1","382"
"2825","393","382"
"2826","394","382"
"2827","378","382"
"2828","385","382"
"2829","369","382"
"2830","370","382"
"2831","391","382"
"2832","388","382"
"2833","380","382"
"2834","373","382"
"2835","372","382"
"2836","390","382"
"2837","379","382"
"2838","384","382"
"2839","387","382"
"2840","386","382"
"2841","389","382"
"2842","376","382"
"2843","392","382"
"2844","1","372"
"2845","393","372"
"2846","394","372"
"2847","378","372"
"2848","385","372"
"2849","369","372"
"2850","370","372"
"2851","391","372"
"2852","388","372"
"2853","380","372"
"2854","373","372"
"2855","382","372"
"2856","390","372"
"2857","379","372"
"2858","384","372"
"2859","387","372"
"2860","386","372"
"2861","389","372"
"2862","376","372"
"2863","392","372"
"2864","1","390"
"2865","393","390"
"2866","394","390"
"2867","378","390"
"2868","385","390"
"2869","369","390"
"2870","370","390"
"2871","391","390"
"2872","388","390"
"2873","380","390"
"2874","373","390"
"2875","382","390"
"2876","372","390"
"2877","379","390"
"2878","384","390"
"2879","387","390"
"2880","386","390"
"2881","389","390"
"2882","376","390"
"2883","392","390"
"2904","1","387"
"2905","393","387"
"2906","394","387"
"2907","378","387"
"2908","385","387"
"2909","369","387"
"2910","370","387"
"2911","391","387"
"2912","388","387"
"2913","380","387"
"2914","373","387"
"2915","382","387"
"2916","372","387"
"2917","390","387"
"2918","379","387"
"2919","384","387"
"2920","386","387"
"2921","389","387"
"2922","376","387"
"2923","392","387"
"2924","1","386"
"2925","393","386"
"2926","394","386"
"2927","378","386"
"2928","385","386"
"2929","369","386"
"2930","370","386"
"2931","391","386"
"2932","388","386"
"2933","380","386"
"2934","373","386"
"2935","382","386"
"2936","372","386"
"2937","390","386"
"2938","379","386"
"2939","384","386"
"2940","387","386"
"2941","389","386"
"2942","376","386"
"2943","392","386"
"2944","1","389"
"2945","393","389"
"2946","394","389"
"2947","378","389"
"2948","385","389"
"2949","369","389"
"2950","370","389"
"2951","391","389"
"2952","388","389"
"2953","380","389"
"2954","373","389"
"2955","382","389"
"2956","372","389"
"2957","390","389"
"2958","379","389"
"2959","384","389"
"2960","387","389"
"2961","386","389"
"2962","376","389"
"2963","392","389"
"2984","1","376"
"2985","393","376"
"2986","394","376"
"2987","378","376"
"2988","385","376"
"2989","369","376"
"2990","370","376"
"2991","391","376"
"2992","388","376"
"2993","380","376"
"2994","373","376"
"2995","382","376"
"2996","372","376"
"2997","390","376"
"2998","379","376"
"2999","384","376"
"3000","387","376"
"3001","386","376"
"3002","389","376"
"3003","392","376"
